context,base_acc,in_context_acc,distilled_acc,dist_minus_base,in_context_minus_base,dist_minus_in_context,n_questions
haiku,0.36,0.295,0.365,0.0050000000000000044,-0.065,0.07,200
pirate,0.36,0.325,0.125,-0.235,-0.034999999999999976,-0.2,200
concise,0.36,0.38,0.3,-0.06,0.020000000000000018,-0.08000000000000002,200
fewshot_translate_fr,0.36,0.375,0.135,-0.22499999999999998,0.015000000000000013,-0.24,200
factual,0.36,0.32,0.14,-0.21999999999999997,-0.03999999999999998,-0.18,200
conv_history,0.36,0.35,0.13,-0.22999999999999998,-0.010000000000000009,-0.21999999999999997,200
compressed_history,0.36,0.365,0.33,-0.02999999999999997,0.0050000000000000044,-0.034999999999999976,200
