context,peak_layer,peak_site,peak_cosine,n_probes,n_sites
concise,25,attn,0.6735720613173076,28,64
factual,31,attn,0.4390099836247308,28,64
fewshot_translate_fr,26,mlp,0.6698469040649278,28,64
haiku,26,attn,0.795400510941233,28,64
pirate,25,mlp,0.6846810643162046,28,64
